field	value	count	nodes
birthTypes	self-engendered	1	Brahma
birthTypes	descent from heaven	1	Rivers in Hinduism
deathTypes	self-castration	1	Agdistis
deathTypes	imprisonment until Day of Judgment	1	Azazel
deathTypes	final fire	1	Azazel
deathTypes	defeated by YHWH (primordial)	1	Leviathan
deathTypes	silent in NT	1	Mary
deathTypes	eschatological — cast into lake of fire	1	Satan
deathTypes	dismembered by Huitzilopochtli on Coatepec	1	Coyolxauhqui
deathTypes	slain by Bellerophon riding Pegasus	1	Chimera
deathTypes	slain by Theseus in the Labyrinth	1	Minotaur
deathTypes	castrated (functionally removed from cosmic rule)	1	Ouranos
deathTypes	heel-wound by hunter's arrow	1	Krishna
deathTypes	return to earth-mother	1	Sita
deathTypes	decreed by gods	1	Enkidu
deathTypes	killed by mistletoe-shaft	1	Baldr
deathTypes	consequence of bride-price	1	Freyr
deathTypes	slain by hero (pit-ambush)	1	Fáfnir
deathTypes	murdered (dwarves)	1	Kvasir
deathTypes	beheaded	1	Mímir
deathTypes	head preserved by magic	1	Mímir
deathTypes	slain by Odin, Vili, and Vé	1	Ymir
deathTypes	cosmic dismemberment	1	Ymir
deathTypes	dismembered	1	Dionysus
deathTypes	devoured at Ragnarök	1	Máni
deathTypes	self-immolation	1	Quetzalcoatl
deathTypes	swallowed	1	Baal
deathTypes	murdered by Set (trickery-coffin or dismemberment)	1	Osiris
deathTypes	resurrected and made underworld-king	1	Osiris
deathTypes	death by divine decree	1	Moses
deathTypes	divine burial	1	Moses
deathTypes	partial defeat (returns)	1	Mot
deathTypes	parinirvāṇa (final nirvāṇa) at Kuśinagara	1	Siddhartha Gautama
deathTypes	self-castration and death beneath the pine	1	Attis
deathTypes	brought down and killed by the Hero Twins	1	Vucub Caquix
deathTypes	poisoned	1	Thor
deathTypes	executed by crucifixion	1	Jesus
deathTypes	immortality denied	1	Perseus
deathTypes	killed by boar	1	Adonis
deathTypes	killed by beast	1	Odin
deathTypes	slain by avenging brother (Váli)	1	Höðr
deathTypes	wasting away	1	Narcissus
deathTypes	taken by demons	1	Dumuzi
deathTypes	judge of the dead	1	Gilgamesh
deathTypes	self-mutilation	1	Eshmun
deathTypes	killed by goddess (via henchman)	1	Aqhat
deathTypes	divine vengeance	1	Aqhat
deathTypes	killed by Vídar at Ragnarök (jaws torn apart)	1	Fenrir
deathTypes	grief-death	1	Nanna (Norse)
deathTypes	funeral-pyre death	1	Nanna (Norse)
deathTypes	devoured by wolf Sköll at Ragnarök	1	Sól
deathTypes	self-banishment/yogic departure	1	Lakshmana
deathTypes	slain by Narasiṃha	1	Hiranyakashipu
deathTypes	slain by Durgā	1	Mahishasura
deathTypes	slain by Rāma in cosmic battle	1	Ravana
deathTypes	nightly-defeat-but-never-permanent	1	Apep
deathTypes	slain by Heracles and Iolaus (heads severed and cauterized)	1	Hydra
deathTypes	defeated by Zeus; imprisoned beneath Mount Etna	1	Typhon
deathTypes	killed by Romulus or his lieutenant	1	Remus
deathTypes	dismembered by Tzitzimitl, transformed into the maguey	1	Mayahuel
eventTypes	Hiruko-or-Kotoshironushi syncretism	1	Ebisu
eventTypes	fishing-patronage	1	Ebisu
eventTypes	merchant-prosperity	1	Ebisu
eventTypes	the Wild Hunt	1	Holda
eventTypes	seasonal transformation	1	Holda
eventTypes	reward and punishment	1	Holda
eventTypes	the-Terra-Mater-of-the-Germanic-tribes	1	Nerthus
eventTypes	the-processional-cart-and-the-season-of-peace	1	Nerthus
eventTypes	the-secret-washing-in-the-lake	1	Nerthus
eventTypes	fire-deity	1	Zhurong
eventTypes	victory-over-Gonggong	1	Zhurong
eventTypes	bringing-fire-to-humanity	1	Zhurong
eventTypes	vow-to-hear-the-cries-of-the-world	1	Avalokiteshvara
eventTypes	emanation-as-Guanyin-and-the-Dalai-Lamas	1	Avalokiteshvara
eventTypes	transformation at death	1	Tiamat
eventTypes	androgynous-birth-from-the-seed-of-Zeus	1	Agdistis
eventTypes	the-castration-by-the-gods	1	Agdistis
eventTypes	the-engendering-of-Attis-through-the-almond	1	Agdistis
eventTypes	the-driving-of-Attis-to-madness	1	Agdistis
eventTypes	sacred ritual	1	The Alcis
eventTypes	embodiment-of-the-Dharmakaya	1	Vairocana
eventTypes	centre-of-the-Five-Tathagata-mandala	1	Vairocana
eventTypes	the-cosmos-as-self-expression	1	Vairocana
eventTypes	Titan-imprisonment	1	Tartarus
eventTypes	generation-of-Typhon	1	Tartarus
eventTypes	battle-choosing	1	Valkyrie
eventTypes	mead-serving	1	Valkyrie
eventTypes	sacred betrothal (Sigrdrífa)	1	Valkyrie
eventTypes	the-vow-to-empty-the-hells	1	Ksitigarbha
eventTypes	the-past-life-vows	1	Ksitigarbha
eventTypes	the-East-Asian-development-as-Dizang-and-Jizo	1	Ksitigarbha
eventTypes	the-moon-and-childbirth-goddess	1	Ix Chel
eventTypes	the-Cozumel-pilgrimage-cult	1	Ix Chel
eventTypes	the-aged-flood-pouring-aspect	1	Ix Chel
eventTypes	co-presiding-over-the-trials	1	Vucub-Came
eventTypes	providence	1	Allah
eventTypes	serial murder	1	Asmodeus
eventTypes	kingship-substitution (Talmud)	1	Asmodeus
eventTypes	transgressive teaching	1	Azazel
eventTypes	imprisonment	1	Azazel
eventTypes	eschatological judgment	1	Azazel
eventTypes	interpretation	1	Gabriel
eventTypes	cosmic combat	1	Leviathan
eventTypes	primordial defeat	1	Leviathan
eventTypes	eschatological slaying	1	Leviathan
eventTypes	messianic feast	1	Leviathan
eventTypes	origin	1	Lilith
eventTypes	demon-binding	1	Lilith
eventTypes	virginal conception	1	Mary
eventTypes	childbirth	1	Mary
eventTypes	flight	1	Mary
eventTypes	witness to crucifixion	1	Mary
eventTypes	assumption (in Catholic tradition)	1	Mary
eventTypes	final defeat	1	Satan
eventTypes	theophany	1	YHWH
eventTypes	deliverance	1	YHWH
eventTypes	young-maize-personification	1	Centeotl
eventTypes	agricultural-festival-recipient	1	Centeotl
eventTypes	first mourning	1	Eve
eventTypes	fourth-sun-flood	1	Chalchiuhtlicue
eventTypes	baptismal-water-presidency	1	Chalchiuhtlicue
eventTypes	sister-wife-of-Tlaloc	1	Chalchiuhtlicue
eventTypes	sister-of-Huitzilopochtli	1	Coyolxauhqui
eventTypes	near-matricide-attempt	1	Coyolxauhqui
eventTypes	dismemberment-by-Huitzilopochtli	1	Coyolxauhqui
eventTypes	moon-etiology	1	Coyolxauhqui
eventTypes	Templo-Mayor-sacrifice-prototype	1	Coyolxauhqui
eventTypes	Tzitzimimeh-leadership	1	Itzpapalotl
eventTypes	cosmic-age-end-threat	1	Itzpapalotl
eventTypes	women-who-died-in-childbirth-patronage	1	Itzpapalotl
eventTypes	self-immolation-at-Teotihuacan	1	Nanahuatzin
eventTypes	transformation-into-fifth-sun	1	Nanahuatzin
eventTypes	hesitation-at-Teotihuacan	1	Tecuciztecatl
eventTypes	transformation-into-moon	1	Tecuciztecatl
eventTypes	rabbit-thrown-to-dim	1	Tecuciztecatl
eventTypes	cosmic-conflict-with-Quetzalcoatl	1	Tezcatlipoca
eventTypes	first-sun	1	Tezcatlipoca
eventTypes	jaguar-transformation	1	Tezcatlipoca
eventTypes	foot-loss-to-Tlaltecuhtli	1	Tezcatlipoca
eventTypes	the-formless-supreme-godhead	1	Acintya
eventTypes	the-source-of-all-other-deities	1	Acintya
eventTypes	the-empty-padmasana-shrine	1	Acintya
eventTypes	the-protective-beast-spirit	1	Barong
eventTypes	the-eternal-battle-with-Rangda	1	Barong
eventTypes	the-enacting-of-rwa-bhineda	1	Barong
eventTypes	embodiment-of-transcendent-wisdom	1	Manjushri
eventTypes	the-great-sutra-interlocutor	1	Manjushri
eventTypes	chief-of-the-Four-Heavenly-Kings	1	Vaisravana
eventTypes	guardian-of-the-north	1	Vaisravana
eventTypes	god-of-wealth	1	Vaisravana
eventTypes	the-East-Asian-development-as-Bishamonten	1	Vaisravana
eventTypes	embodiment-of-the-Buddhas'-power	1	Vajrapani
eventTypes	protector-of-the-Dharma	1	Vajrapani
eventTypes	courtship rejected	1	Ishtar
eventTypes	petition for offspring	1	Danel
eventTypes	grief	1	Danel
eventTypes	divine intercession	1	Danel
eventTypes	cosmic cycle	1	Uroboros
eventTypes	decree-giving	1	El
eventTypes	sacred marriage	1	El
eventTypes	divine bridal-quest	1	Kirta
eventTypes	dynasty-founding	1	Kirta
eventTypes	illness-and-restoration	1	Kirta
eventTypes	dream-vision	1	Kirta
eventTypes	national-royal patronage	1	Milcom
eventTypes	dominion over animals	1	Lady of the Beasts
eventTypes	sacred hunt	1	Lady of the Beasts
eventTypes	renunciation-of-imperial-rank	1	Cao Guojiu
eventTypes	mountain-cultivation	1	Cao Guojiu
eventTypes	consuming-the-elixir-of-immortality	1	Chang'e
eventTypes	floating-to-the-moon	1	Chang'e
eventTypes	eternal-separation-from-Hou-Yi	1	Chang'e
eventTypes	Laozi-deification	1	Daode Tianzun
eventTypes	Dao-transmission	1	Daode Tianzun
eventTypes	third-of-the-Three-Pure-Ones	1	Daode Tianzun
eventTypes	invention-of-the-trigrams	1	Fuxi
eventTypes	brother-husband-of-Nüwa	1	Fuxi
eventTypes	flood-survival-and-repopulation	1	Fuxi
eventTypes	contention-for-supremacy	1	Gonggong
eventTypes	smashing-Mount-Buzhou	1	Gonggong
eventTypes	tilting-the-cosmos	1	Gonggong
eventTypes	necessitating-Nüwa-sky-repair	1	Gonggong
eventTypes	hearing-the-cries-of-the-world	1	Guanyin
eventTypes	gender-transformation-male-to-female	1	Guanyin
eventTypes	the-Miaoshan-self-sacrifice	1	Guanyin
eventTypes	aiding-the-Journey-to-the-West	1	Guanyin
eventTypes	eccentric-wandering-minstrelsy	1	Lan Caihe
eventTypes	ascension-from-the-tavern	1	Lan Caihe
eventTypes	the-Yellow-Millet-Dream	1	Lu Dongbin
eventTypes	the-ten-trials	1	Lu Dongbin
eventTypes	demon-slaying-wandering	1	Lu Dongbin
eventTypes	birth-from-ball-of-flesh	1	Nezha
eventTypes	slaying-of-the-Dragon-Kings-son	1	Nezha
eventTypes	flesh-and-bones-return-to-parents	1	Nezha
eventTypes	lotus-body-resurrection	1	Nezha
eventTypes	emergence-from-cosmic-egg	1	Pangu
eventTypes	separation-of-heaven-and-earth	1	Pangu
eventTypes	death-becoming-the-world	1	Pangu
eventTypes	model-sage-kingship	1	Yao
eventTypes	meritocratic-abdication-to-Shun	1	Yao
eventTypes	judgment-hall-stationing	1	Ammit
eventTypes	heart-devouring	1	Ammit
eventTypes	second-death-bestowal	1	Ammit
eventTypes	pacification with beer	1	Hathor
eventTypes	Seven-Hathor fate-pronouncement	1	Hathor
eventTypes	posthumous conception	1	Horus
eventTypes	childhood hiding from Set	1	Horus
eventTypes	80-year contest	1	Horus
eventTypes	recovery of throne	1	Horus
eventTypes	identification with living pharaoh	1	Horus
eventTypes	Theban-triad-mother	1	Mut
eventTypes	syncretic-merger-with-other-goddesses	1	Mut
eventTypes	mourning-of-Osiris	1	Nephthys
eventTypes	conception of Anubis (in most traditions)	1	Nephthys
eventTypes	canopic-jar guardianship	1	Nephthys
eventTypes	funerary mediation	1	Nephthys
eventTypes	cosmic incest with Geb	1	Nut
eventTypes	generation of the four (or five)	1	Nut
eventTypes	daily swallowing and birthing of the sun	1	Nut
eventTypes	starry sky	1	Nut
eventTypes	creation through thought and speech	1	Ptah
eventTypes	memphite-triad-headship	1	Ptah
eventTypes	craftsmanship-patronage	1	Ptah
eventTypes	vizier role	1	Mummu
eventTypes	capture	1	Mummu
eventTypes	daily cosmic transit	1	Ra
eventTypes	nightly battle with Apep	1	Ra
eventTypes	sun-disk creation	1	Ra
eventTypes	sending of the Eye	1	Ra
eventTypes	near-destruction-of-humanity	1	Sekhmet
eventTypes	pacification-by-beer	1	Sekhmet
eventTypes	plague-and-healing patron	1	Sekhmet
eventTypes	Nereid-birth	1	Amphitrite
eventTypes	dolphin-mediated-marriage	1	Amphitrite
eventTypes	queen-of-the-sea	1	Amphitrite
eventTypes	adulterous-affair-with-Aphrodite	1	Ares
eventTypes	wounded-by-mortal-hero	1	Ares
eventTypes	Iliadic-Olympian-combat	1	Ares
eventTypes	underworld-gate-guarding	1	Cerberus
eventTypes	being-captured-by-Heracles	1	Cerberus
eventTypes	being-pacified-by-music-or-cakes	1	Cerberus
eventTypes	fire-breathing	1	Chimera
eventTypes	ravaging-of-Lycia	1	Chimera
eventTypes	being-slain-by-Bellerophon	1	Chimera
eventTypes	divine flight and return	1	Tefnut
eventTypes	mother of Geb and Nut	1	Tefnut
eventTypes	generation-of-Aether-and-Hemera	1	Erebus
eventTypes	bestial-conception	1	Minotaur
eventTypes	Labyrinth-confinement	1	Minotaur
eventTypes	Athenian-tribute-devouring	1	Minotaur
eventTypes	being-slain-by-Theseus	1	Minotaur
eventTypes	Nereid-fathering	1	Nereus
eventTypes	shapeshifting-wrestling-with-Heracles	1	Nereus
eventTypes	prophetic-truth-telling	1	Nereus
eventTypes	cosmic-primal-pairing-with-Gaia	1	Ouranos
eventTypes	imprisonment-of-children	1	Ouranos
eventTypes	castration-by-Cronus	1	Ouranos
eventTypes	blood-engendered-offspring	1	Ouranos
eventTypes	Hellenistic-cult-explosion	1	Tyche
eventTypes	city-Tyche-personifications	1	Tyche
eventTypes	solar-collective rule	1	Adityas
eventTypes	sacrificial mediation	1	Agni
eventTypes	Khāṇḍava-forest burning	1	Agni
eventTypes	Veda-recitation	1	Brahma
eventTypes	head-loss	1	Brahma
eventTypes	liṅgodbhava confrontation	1	Brahma
eventTypes	birth-from-Avalokiteshvara's-tear	1	Tara
eventTypes	the-vow-to-work-for-beings-in-female-form	1	Tara
eventTypes	emanation from divine wrath	1	Durga
eventTypes	cosmic protection	1	Durga
eventTypes	creation from mother's body-substance	1	Ganesha
eventTypes	beheading and revival	1	Ganesha
eventTypes	elephant-head substitution	1	Ganesha
eventTypes	tusk-breaking	1	Ganesha
eventTypes	cosmic-race-with-Skanda	1	Ganesha
eventTypes	mother-rescue	1	Garuda
eventTypes	amṛta-theft	1	Garuda
eventTypes	serpent-enmity	1	Garuda
eventTypes	Viṣṇu-mount-status	1	Garuda
eventTypes	miraculous infancy	1	Hanuman
eventTypes	jaw-breaking-naming	1	Hanuman
eventTypes	ocean-leaping	1	Hanuman
eventTypes	Laṅkā-burning	1	Hanuman
eventTypes	Sañjīvani-lifting	1	Hanuman
eventTypes	eternal-life-grant	1	Hanuman
eventTypes	personal devotion	1	Ishtadevata
eventTypes	emergence	1	Kali
eventTypes	blood-drinking	1	Kali
eventTypes	prison-birth	1	Krishna
eventTypes	prophetic-escape	1	Krishna
eventTypes	butter-stealing	1	Krishna
eventTypes	Govardhana-lifting	1	Krishna
eventTypes	Kaṃsa-slaying	1	Krishna
eventTypes	Bhagavad-Gītā-teaching	1	Krishna
eventTypes	heel-wound-death	1	Krishna
eventTypes	cosmic-ocean-churning	1	Kurma
eventTypes	mountain-supporting	1	Kurma
eventTypes	enabling of cosmic-treasures	1	Kurma
eventTypes	devotional service	1	Nandi
eventTypes	gatekeeping	1	Nandi
eventTypes	teaching-reception	1	Nandi
eventTypes	mount-bearing	1	Nandi
eventTypes	divine love	1	Radha
eventTypes	viraha	1	Radha
eventTypes	model-of-bhakti	1	Radha
eventTypes	boon-granting	1	Shiva
eventTypes	destruction	1	Shiva
eventTypes	ascetic withdrawal	1	Shiva
eventTypes	manifestation	1	Shiva
eventTypes	miraculous birth from earth	1	Sita
eventTypes	agni-parīkṣā	1	Sita
eventTypes	banishment	1	Sita
eventTypes	return-to-earth-mother	1	Sita
eventTypes	royal solar emblem	1	Surya Majapahit
eventTypes	Majapahit imperial symbol	1	Surya Majapahit
eventTypes	battle-of-Zhuolu-against-Chiyou	1	Huangdi
eventTypes	ascension-to-heaven-on-a-dragon	1	Huangdi
eventTypes	daily-cosmic-appearance	1	Ushas
eventTypes	awakening	1	Ushas
eventTypes	transition	1	Ushas
eventTypes	recovery of tablets	1	Ninurta
eventTypes	organization	1	Ninurta
eventTypes	the-decapitation-and-restoration	1	Hunahpu
eventTypes	the-ascent-to-become-the-sun	1	Hunahpu
eventTypes	defeat-and-sacrifice-in-Xibalba	1	Hun Hunahpu
eventTypes	the-begetting-of-the-Hero-Twins-from-the-severed-head	1	Hun Hunahpu
eventTypes	the-resurrection-as-the-Maize-God	1	Hun Hunahpu
eventTypes	festival-divination	1	Lýtir
eventTypes	the-Feathered-Serpent-cult	1	Kukulkan
eventTypes	the-equinox-serpent-of-Chichen-Itza	1	Kukulkan
eventTypes	the-bringing-of-civilisation	1	Kukulkan
eventTypes	gift-giving	1	Anu
eventTypes	mother of Marduk	1	Damkina
eventTypes	flood-warning	1	Enki
eventTypes	miraculous creation	1	Enkidu
eventTypes	civilizing	1	Enkidu
eventTypes	companionship	1	Enkidu
eventTypes	death decreed by gods	1	Enkidu
eventTypes	primordial cosmic event	1	Shahar
eventTypes	death and resurrection	1	Inanna
eventTypes	cosmogony	1	Marduk
eventTypes	creation of humanity	1	Marduk
eventTypes	curse-and-heal	1	Ninhursag
eventTypes	partnership-with-Enki	1	Ninhursag
eventTypes	immortalization	1	Utnapishtim
eventTypes	sage-counsel	1	Utnapishtim
eventTypes	prophetic dream	1	Baldr
eventTypes	divine-omen	1	Baldr
eventTypes	death-by-trick	1	Baldr
eventTypes	funeral	1	Baldr
eventTypes	underworld-journey-(by Hermóðr)	1	Baldr
eventTypes	breaking-free at Ragnarök	1	Bound monster
eventTypes	reconciliation	1	Forseti
eventTypes	teaching	1	Freyja
eventTypes	acquisition	1	Freyja
eventTypes	lovesick longing	1	Freyr
eventTypes	divine bridal-quest (by proxy)	1	Freyr
eventTypes	disarmament-by-gift	1	Freyr
eventTypes	Ragnarok death	1	Freyr
eventTypes	spell-failure (distraction)	1	Groa
eventTypes	maternal protection	1	Groa
eventTypes	temple destruction	1	Tamfana
eventTypes	seasonal festival	1	Tamfana
eventTypes	cosmic boundary	1	Jörmungandr
eventTypes	ragnarok	1	Jörmungandr
eventTypes	supreme-celestial-administration	1	Jade Emperor
eventTypes	presiding-over-the-celestial-bureaucracy	1	Jade Emperor
eventTypes	Sun-Wukong-court-disruption	1	Jade Emperor
eventTypes	invention-of-agriculture	1	Shennong
eventTypes	herb-tasting-and-medicine-founding	1	Shennong
eventTypes	death-by-poisonous-herb	1	Shennong
eventTypes	peacemaking birth	1	Kvasir
eventTypes	murder	1	Kvasir
eventTypes	transformation of body into mead	1	Kvasir
eventTypes	guardianship of wisdom	1	Mímir
eventTypes	beheading	1	Mímir
eventTypes	preservation by Odin	1	Mímir
eventTypes	prophetic counsel	1	Mímir
eventTypes	inheritance	1	Móði and Magni
eventTypes	fate-assignment	1	Norns
eventTypes	cosmic maintenance	1	Norns
eventTypes	drowning	1	Ran
eventTypes	sea-claiming	1	Ran
eventTypes	treasure-hoarding	1	Ran
eventTypes	guarding	1	Surt
eventTypes	ragnarök conflagration	1	Surt
eventTypes	killing of Freyr	1	Surt
eventTypes	world-burning	1	Surt
eventTypes	primordial birth	1	Ymir
eventTypes	generative monstrosity	1	Ymir
eventTypes	cosmogonic killing	1	Ymir
eventTypes	world-creation from body	1	Ymir
eventTypes	Theban-triad-son	1	Khonsu
eventTypes	moon-transit	1	Khonsu
eventTypes	distant-travel	1	Khonsu
eventTypes	Asclepius-interpretatio	1	Aesculapius
eventTypes	293-BCE-importation-from-Epidaurus	1	Aesculapius
eventTypes	plague-ending	1	Aesculapius
eventTypes	Tiber-Island-temple-foundation	1	Aesculapius
eventTypes	Dionysus-interpretatio	1	Bacchus
eventTypes	186-BCE-Senate-suppression	1	Bacchus
eventTypes	Antony-Augustus-rehabilitation	1	Bacchus
eventTypes	Eros-interpretatio	1	Cupid
eventTypes	Dido-disguise	1	Cupid
eventTypes	Pan-interpretatio	1	Faunus
eventTypes	Lupercalia-festival	1	Faunus
eventTypes	Albunea-oracle	1	Faunus
eventTypes	indigenous-Italic-origin	1	Faunus
eventTypes	the-earth-born-primordial-god	1	Tuisto
eventTypes	the-head-of-the-Germanic-ethnogonic-genealogy	1	Tuisto
eventTypes	time-deity worship	1	Phra Kalachai Si
eventTypes	Southeast Asian Hindu syncretism	1	Phra Kalachai Si
eventTypes	Poseidon-interpretatio	1	Neptune
eventTypes	indigenous-freshwater-origin	1	Neptune
eventTypes	Augustan-cult-expansion	1	Neptune
eventTypes	household-storeroom-protection	1	Penates
eventTypes	state-cult-extension	1	Penates
eventTypes	Trojan-Penates-translation	1	Penates
eventTypes	family-deity-worship	1	Kuladevata
eventTypes	foundation-of-Rome	1	Romulus
eventTypes	Sabine-women-rape	1	Romulus
eventTypes	apotheosis-as-Quirinus	1	Romulus
eventTypes	Cronus-interpretatio	1	Saturn
eventTypes	Italic-Golden-Age-rule	1	Saturn
eventTypes	Saturnalia-festival	1	Saturn
eventTypes	aerarium-Saturni-treasury-presidency	1	Saturn
eventTypes	indigenous-Italic-rustic-deity	1	Silvanus
eventTypes	popular-non-state-cult	1	Silvanus
eventTypes	epigraphic-prominence	1	Silvanus
eventTypes	Hephaestus-interpretatio	1	Vulcan
eventTypes	indigenous-Volcanus-origin	1	Vulcan
eventTypes	Vulcanalia-festival	1	Vulcan
eventTypes	post-fire-shrine-expansion	1	Vulcan
eventTypes	child-taking	1	Máni
eventTypes	Hermopolitan-Ogdoad-membership	1	Amun
eventTypes	Theban-imperial-rise	1	Amun
eventTypes	Amun-Ra-fusion	1	Amun
eventTypes	Amarna-suppression	1	Amun
eventTypes	Eastern Expedition	1	Jimmu
eventTypes	golden-kite-vision	1	Jimmu
eventTypes	enthronement at Kashihara	1	Jimmu
eventTypes	founding of imperial line	1	Jimmu
eventTypes	accompaniment	1	Raphael
eventTypes	revelation of identity	1	Raphael
eventTypes	the-protectress-of-North-Sea-seafarers-and-merchants	1	Nehalennia
eventTypes	known-entirely-from-votive-altars	1	Nehalennia
eventTypes	testing	1	Mastema
eventTypes	adversarial action against Moses	1	Mastema
eventTypes	aid to Pharaoh	1	Mastema
eventTypes	mother-of-Aeneas	1	Venus
eventTypes	Julian-ancestress	1	Venus
eventTypes	cosmic-generative-principle (in Lucretius)	1	Venus
eventTypes	nourishing	1	Audhumla
eventTypes	revelation of Búri	1	Audhumla
eventTypes	foreknowledge	1	Frigg
eventTypes	foreordained loss	1	Frigg
eventTypes	earth-creation-by-dismemberment	1	Tlaltecuhtli
eventTypes	human-sacrifice-engendering	1	Tlaltecuhtli
eventTypes	Tezcatlipoca-foot-loss-event	1	Tlaltecuhtli
eventTypes	apocalyptic interpretation	1	Uriel
eventTypes	agricultural-renewal	1	Xipe-Totec
eventTypes	Tlacaxipehualiztli-festival	1	Xipe-Totec
eventTypes	flayed-skin-wearing	1	Xipe-Totec
eventTypes	Tezcatlipoca-Red-aspect	1	Xipe-Totec
eventTypes	primordial-undifferentiation	1	Hundun
eventTypes	death-by-the-boring-of-orifices	1	Hundun
eventTypes	self-engendered creation	1	Atum
eventTypes	generation of the Ennead	1	Atum
eventTypes	identification with the setting sun	1	Atum
eventTypes	kingship of Egypt	1	Osiris
eventTypes	agricultural teaching	1	Osiris
eventTypes	murder by Set	1	Osiris
eventTypes	dismemberment	1	Osiris
eventTypes	rescue by Isis	1	Osiris
eventTypes	posthumous fathering of Horus	1	Osiris
eventTypes	storm	1	Adad
eventTypes	divine roaring	1	Adad
eventTypes	the-youthful-Maize-God	1	Yum Kaax
eventTypes	the-god-of-the-forest-and-the-milpa	1	Yum Kaax
eventTypes	laboring	1	Igigi
eventTypes	replacement	1	Igigi
eventTypes	royal protection	1	Shuqamuna and Shumaliya
eventTypes	royal patronage	1	Astarte
eventTypes	divine consortship	1	Astarte
eventTypes	restraint of Baal	1	Astarte
eventTypes	searching	1	Shapash
eventTypes	oracle	1	Shapash
eventTypes	solar transit	1	Shapash
eventTypes	shape-shifting-duel-with-Sun-Wukong	1	Erlang Shen
eventTypes	capture-of-Sun-Wukong	1	Erlang Shen
eventTypes	flood-control	1	Erlang Shen
eventTypes	mountain-splitting-mother-rescue	1	Erlang Shen
eventTypes	cosmic restoration	1	Amaterasu
eventTypes	ancestral foundation	1	Amaterasu
eventTypes	massacre	1	Baduhenna
eventTypes	wifely devotion	1	Damayanti
eventTypes	reunion-after-separation	1	Damayanti
eventTypes	cosmic-androgynous union	1	Ardhanarishvara
eventTypes	sage-encounter	1	Ardhanarishvara
eventTypes	revelation of cosmic unity	1	Ardhanarishvara
eventTypes	sunrise-cosmic	1	Utu
eventTypes	Vanir-hostage-exchange	1	Njörðr
eventTypes	sea-god patronage	1	Njörðr
eventTypes	failed marriage	1	Njörðr
eventTypes	choosing-by-feet	1	Njörðr
eventTypes	Buddhist-Shintō-syncretic incorporation	1	Bishamonten
eventTypes	Four-Heavenly-Kings membership	1	Bishamonten
eventTypes	Chichimec-hunting-god	1	Mixcoatl
eventTypes	Milky-Way-personification	1	Mixcoatl
eventTypes	father-of-Topiltzin	1	Mixcoatl
eventTypes	succession conflict	1	Zeus
eventTypes	art-patronage	1	Xochipilli
eventTypes	hallucinogenic-plant-association	1	Xochipilli
eventTypes	ancestral enmity with Garuḍa	1	Nāga
eventTypes	cosmic rest	1	Vaikuntha Kamalaja
eventTypes	divine couple	1	Vaikuntha Kamalaja
eventTypes	pralaya-floating	1	Vaikuntha Kamalaja
eventTypes	lamentation	1	Ningal
eventTypes	condemnation	1	Ninlil
eventTypes	child-bearing	1	Ninlil
eventTypes	kingship-of-realm	1	Ereshkigal
eventTypes	killing	1	Ereshkigal
eventTypes	hair-cutting and dwarven re-creation	1	Sif
eventTypes	cult continuity	1	Asherah (Israelite)
eventTypes	popular consort-pairing with YHWH	1	Asherah (Israelite)
eventTypes	suppression by reform	1	Asherah (Israelite)
eventTypes	prophetic polemic	1	Asherah (Israelite)
eventTypes	the-resistance-to-the-archons	1	Norea
eventTypes	the-rescue-by-the-angel-Eleleth	1	Norea
eventTypes	the-receiving-of-the-Gnostic-revelation	1	Norea
eventTypes	the-first-emanation-of-the-Monad	1	Barbelo
eventTypes	the-supreme-feminine-principle	1	Barbelo
eventTypes	the-mother-of-the-Pleroma	1	Barbelo
eventTypes	first death (of his son)	1	Adam
eventTypes	contention	1	Michael
eventTypes	protection	1	Michael
eventTypes	eschatological role	1	Michael
eventTypes	prophetic empowerment	1	Holy Spirit
eventTypes	incarnation (conception of Jesus)	1	Holy Spirit
eventTypes	baptismal anointing	1	Holy Spirit
eventTypes	Pentecost	1	Holy Spirit
eventTypes	sanctification	1	Holy Spirit
eventTypes	miraculous deliverance from infancy	1	Moses
eventTypes	call (theophany)	1	Moses
eventTypes	plagues	1	Moses
eventTypes	exodus	1	Moses
eventTypes	sea-parting	1	Moses
eventTypes	law-giving	1	Moses
eventTypes	death (denied entry)	1	Moses
eventTypes	awaiting-in-the-Tushita-heaven	1	Maitreya
eventTypes	the-future-Buddhahood	1	Maitreya
eventTypes	the-re-establishment-of-the-Dharma	1	Maitreya
eventTypes	the-twelve-healing-vows	1	Bhaisajyaguru
eventTypes	the-establishment-of-the-eastern-lapis-lazuli-pure-land	1	Bhaisajyaguru
eventTypes	the-rice-goddess	1	Dewi Sri
eventTypes	patroness-of-the-rice-cycle-and-the-household	1	Dewi Sri
eventTypes	descent-substitution	1	Geshtinanna
eventTypes	devotion	1	Geshtinanna
eventTypes	the-restoration-of-Hunahpu	1	Xbalanque
eventTypes	the-ascent-to-become-the-moon	1	Xbalanque
eventTypes	Tyche-interpretatio	1	Fortuna
eventTypes	Italic-Praeneste-cult	1	Fortuna
eventTypes	Augustan-imperial-cult-expansion	1	Fortuna
eventTypes	principal-dharmapala-protector	1	Mahakala
eventTypes	derivation-from-the-Hindu-Mahakala	1	Mahakala
eventTypes	the-East-Asian-development-as-Daikokuten	1	Mahakala
eventTypes	judging-the-dead-by-karma	1	Yama
eventTypes	questioning-the-dead-on-the-divine-messengers	1	Yama
eventTypes	transmission-across-Buddhist-Asia	1	Yama
eventTypes	swallowing	1	Mot
eventTypes	agricultural transformation	1	Mot
eventTypes	keeping-the-peaches-of-immortality	1	Xiwangmu
eventTypes	granting-the-elixir-to-Hou-Yi	1	Xiwangmu
eventTypes	hosting-the-peach-banquet	1	Xiwangmu
eventTypes	instructing-King-Mu-and-Emperor-Wu	1	Xiwangmu
eventTypes	embalming of Osiris	1	Anubis
eventTypes	weighing of the heart	1	Anubis
eventTypes	psychopomp-guidance	1	Anubis
eventTypes	Opening of the Mouth ceremony	1	Anubis
eventTypes	the-fall-or-presumption-of-Sophia	1	Sophia
eventTypes	the-bringing-forth-of-Yaldabaoth	1	Sophia
eventTypes	the-repentance-and-redemption	1	Sophia
eventTypes	the-child-devouring-yakshini	1	Hariti
eventTypes	the-Buddha-hiding-her-youngest-child	1	Hariti
eventTypes	the-conversion-into-a-protector-of-children	1	Hariti
eventTypes	source-of-Erebus-and-Nyx	1	Chaos
eventTypes	the-four-sights-and-the-great-renunciation	1	Siddhartha Gautama
eventTypes	the-awakening-under-the-Bodhi-tree	1	Siddhartha Gautama
eventTypes	the-defeat-of-Mara	1	Siddhartha Gautama
eventTypes	the-first-turning-of-the-Dharma-wheel	1	Siddhartha Gautama
eventTypes	the-parinirvana	1	Siddhartha Gautama
eventTypes	the-House-of-Bats	1	Camazotz
eventTypes	the-decapitation-of-Hunahpu	1	Camazotz
eventTypes	the-summoning-and-sacrifice-of-Hun-Hunahpu	1	Hun-Came
eventTypes	the-conducting-of-a-particular-class-of-the-dead-to-paradise	1	Ixtab
eventTypes	supreme-creator-and-sky-god	1	Itzamna
eventTypes	invention-of-writing-and-the-calendar	1	Itzamna
eventTypes	patronage-of-the-priesthood	1	Itzamna
eventTypes	the-Heart-of-Sky	1	Huracan
eventTypes	the-creation-of-the-world	1	Huracan
eventTypes	the-flood-destroying-the-wooden-people	1	Huracan
eventTypes	the-founder-of-the-Germanic-peoples	1	Mannus
eventTypes	the-father-of-the-eponymous-ancestors-of-the-Germanic-groupings	1	Mannus
eventTypes	being-brought-forth-by-Sophia-alone	1	Yaldabaoth
eventTypes	the-fashioning-of-the-material-cosmos	1	Yaldabaoth
eventTypes	the-false-proclamation-of-sole-divinity	1	Yaldabaoth
eventTypes	the-imprisoning-of-the-divine-spark	1	Yaldabaoth
eventTypes	drinking-companionship-with-Odin	1	Saga
eventTypes	treachery	1	Loki
eventTypes	wager-and-trickery	1	Loki
eventTypes	Baldr's death	1	Loki
eventTypes	Ragnarok release and combat	1	Loki
eventTypes	miraculous swift growth	1	Váli
eventTypes	vengeance-killing	1	Váli
eventTypes	the-love-of-the-Mother	1	Attis
eventTypes	the-madness-and-self-castration	1	Attis
eventTypes	death-beneath-the-pine	1	Attis
eventTypes	the-annual-mourning-and-renewal	1	Attis
eventTypes	scripture-transmission	1	Lingbao Tianzun
eventTypes	second-of-the-Three-Pure-Ones	1	Lingbao Tianzun
eventTypes	the-rain-and-lightning-god	1	Chaac
eventTypes	the-four-directional-Chaacs	1	Chaac
eventTypes	continuity-into-living-folk-cult	1	Chaac
eventTypes	failed succession	1	Attar
eventTypes	complaint	1	Attar
eventTypes	descent	1	Attar
eventTypes	poetic instruction	1	Bragi
eventTypes	formal speech	1	Bragi
eventTypes	feast-attendance	1	Bragi
eventTypes	underworld journey	1	Hermóðr
eventTypes	ransom-mission	1	Hermóðr
eventTypes	perilous ride	1	Hermóðr
eventTypes	the-Phrygian-Great-Mother-cult	1	Cybele
eventTypes	the-myth-of-Attis	1	Cybele
eventTypes	the-204-BCE-transfer-to-Rome-as-Magna-Mater	1	Cybele
eventTypes	the-Phrygian-Thracian-sky-father	1	Sabazios
eventTypes	the-serpent-mystery-rite	1	Sabazios
eventTypes	identification-with-Zeus-and-Dionysus	1	Sabazios
eventTypes	embodiment-of-the-bodhisattva-practice	1	Samantabhadra
eventTypes	the-ten-great-vows	1	Samantabhadra
eventTypes	the-Nyingma-primordial-Buddha	1	Samantabhadra
eventTypes	the-day-sun	1	Kinich Ahau
eventTypes	the-night-journey-as-the-Jaguar-Sun	1	Kinich Ahau
eventTypes	the-patron-of-Maya-kingship	1	Kinich Ahau
eventTypes	emergence-from-blood	1	Takemikazuchi
eventTypes	kuni-yuzuri (transfer of the land)	1	Takemikazuchi
eventTypes	wrestling-victory	1	Takemikazuchi
eventTypes	sword-on-waves	1	Takemikazuchi
eventTypes	the-creation-of-the-world-and-of-humanity	1	Q'uq'umatz
eventTypes	one-of-the-Framers-and-Shapers	1	Q'uq'umatz
eventTypes	distribution to stations	1	Anunnaki
eventTypes	the-false-sun-and-moon	1	Vucub Caquix
eventTypes	the-blowgun-ambush	1	Vucub Caquix
eventTypes	the-tricking-away-of-his-false-radiance	1	Vucub Caquix
eventTypes	primordial-origin-embodiment	1	Yuanshi Tianzun
eventTypes	highest-of-the-Three-Pure-Ones	1	Yuanshi Tianzun
eventTypes	rampage	1	Nergal
eventTypes	divine motherhood	1	Asherah
eventTypes	succession	1	Asherah
eventTypes	council	1	Anshar
eventTypes	sending of messenger	1	Anshar
eventTypes	monster-slaying	1	Thor
eventTypes	journey to giants	1	Thor
eventTypes	divine-bridal-disguise	1	Thor
eventTypes	cosmic-fishing	1	Thor
eventTypes	Ragnarok combat	1	Thor
eventTypes	the-assault-on-the-Buddha-under-the-Bodhi-tree	1	Mara
eventTypes	the-calling-of-the-earth-to-witness	1	Mara
eventTypes	the-three-daughters	1	Mara
eventTypes	the-ruler-of-the-365-heavens	1	Abraxas
eventTypes	the-name-summing-to-365	1	Abraxas
eventTypes	the-protective-gem-magic-tradition	1	Abraxas
eventTypes	blessing	1	Nikkal
eventTypes	reunion (eschatological)	1	Shekhinah
eventTypes	underworld-co-rule	1	Mictlancihuatl
eventTypes	seduction (in Eden)	1	Samael
eventTypes	death	1	Samael
eventTypes	demonic kingship (Kabbalah)	1	Samael
eventTypes	nursing	1	Isis
eventTypes	the-demon-queen-and-widow-witch	1	Rangda
eventTypes	the-leadership-of-the-leyak	1	Rangda
eventTypes	the-eternal-battle-with-Barong	1	Rangda
eventTypes	lotus-emergence	1	Nefertem
eventTypes	Memphite-triad-son	1	Nefertem
eventTypes	scribal-invention	1	Thoth
eventTypes	Eye-restoration	1	Thoth
eventTypes	judgment-recording	1	Thoth
eventTypes	Tefnut-rescue	1	Thoth
eventTypes	birth-from-stone-egg	1	Sun Wukong
eventTypes	rebellion-against-Heaven	1	Sun Wukong
eventTypes	imprisonment-under-Five-Elements-Mountain	1	Sun Wukong
eventTypes	pilgrimage-protection	1	Sun Wukong
eventTypes	attainment-of-Buddhahood	1	Sun Wukong
eventTypes	baptism	1	Jesus
eventTypes	public ministry	1	Jesus
eventTypes	miracle	1	Jesus
eventTypes	transfiguration	1	Jesus
eventTypes	passion	1	Jesus
eventTypes	crucifixion	1	Jesus
eventTypes	eschatological return	1	Jesus
eventTypes	extraction of souls	1	Azrael
eventTypes	escort to afterlife	1	Azrael
eventTypes	shooting-down-the-nine-suns	1	Hou Yi
eventTypes	obtaining-the-elixir-of-immortality	1	Hou Yi
eventTypes	losing-Chang'e-to-the-moon	1	Hou Yi
eventTypes	supreme-sky-sovereign	1	Shangdi
eventTypes	Shang-state-deity	1	Shangdi
eventTypes	identified-with-Tian	1	Shangdi
eventTypes	heavenly scribal service	1	Metatron
eventTypes	call	1	Abraham
eventTypes	binding-sacrifice	1	Abraham
eventTypes	founding pilgrimage	1	Abraham
eventTypes	sovereignty rite	1	Morrigan
eventTypes	Artemis-interpretatio	1	Diana
eventTypes	Diana-Nemorensis-cult	1	Diana
eventTypes	Rex-Nemorensis-priesthood	1	Diana
eventTypes	queen-of-the-gods	1	Juno
eventTypes	Aeneas-persecution	1	Juno
eventTypes	wolf-binding	1	Týr
eventTypes	Etruscan-pre-Greek-origin	1	Minerva
eventTypes	craft-patronage	1	Minerva
eventTypes	Rhea-interpretatio	1	Ops
eventTypes	sister-wife-of-Saturn	1	Ops
eventTypes	agricultural-wealth-patronage	1	Ops
eventTypes	Yādava warrior	1	Charudeshna
eventTypes	nature-spirit attendance	1	Yaksha
eventTypes	riddle-posing	1	Yaksha
eventTypes	liminal mediation	1	Hecate
eventTypes	cosmic veiling	1	Maya
eventTypes	divine play	1	Maya
eventTypes	death of god	1	Odin
eventTypes	underworld-sovereignty	1	Hel
eventTypes	ransom-refusal	1	Hel
eventTypes	Ragnarok release of the dead	1	Hel
eventTypes	miraculous-armed-birth-on-Coatepec	1	Huitzilopochtli
eventTypes	sister-dismemberment	1	Huitzilopochtli
eventTypes	Mexica-migration-from-Aztlan	1	Huitzilopochtli
eventTypes	Tenochtitlan-foundation	1	Huitzilopochtli
eventTypes	heart-sacrifice-recipient	1	Huitzilopochtli
eventTypes	stolen-from-Tlaloc-by-Tezcatlipoca	1	Xochiquetzal
eventTypes	sexual-love-patronage	1	Xochiquetzal
eventTypes	sin-eating	1	Tlazolteotl
eventTypes	once-in-a-lifetime-confession	1	Tlazolteotl
eventTypes	childbirth-patronage	1	Tlazolteotl
eventTypes	cosmic-order-maintenance	1	Maat
eventTypes	weighing-of-the-heart	1	Maat
eventTypes	42 Negative Confessions	1	Maat
eventTypes	Demeter-interpretatio	1	Ceres
eventTypes	plebeian-Aventine-cult	1	Ceres
eventTypes	Cerealia-festival	1	Ceres
eventTypes	midwife-and-mother-patronage	1	Cihuacoatl
eventTypes	warrior-mother-status	1	Cihuacoatl
eventTypes	Conquest-omen-wailing	1	Cihuacoatl
eventTypes	miraculous-conception-by-feather-ball	1	Coatlicue
eventTypes	near-murder-by-children	1	Coatlicue
eventTypes	mother-of-Huitzilopochtli	1	Coatlicue
eventTypes	cosmic power	1	Shakti
eventTypes	union with Śiva	1	Shakti
eventTypes	goddess-manifestation	1	Shakti
eventTypes	ancestry	1	Nepr
eventTypes	cosmic incest with Nut	1	Geb
eventTypes	generation of the four (Osiris-Isis-Set-Nephthys)	1	Geb
eventTypes	earth-becoming	1	Geb
eventTypes	sky-earth separation	1	Shu
eventTypes	foundational atmospheric being	1	Shu
eventTypes	horn-summoning	1	Heimdall
eventTypes	social-founding (as Ríg)	1	Heimdall
eventTypes	dueling-patronage	1	Ullr
eventTypes	exile-substitute kingship (Saxo)	1	Ullr
eventTypes	Ragnarok vengeance	1	Víðarr
eventTypes	wolf-killing	1	Víðarr
eventTypes	unwitting killing	1	Höðr
eventTypes	vengeance-suffered	1	Höðr
eventTypes	hostage-exchange	1	Hœnir
eventTypes	killing of Ymir	1	Vili and Vé
eventTypes	human-creation (Snorri version)	1	Vili and Vé
eventTypes	cosmic gnawing	1	Nidhogg
eventTypes	corpse-feeding	1	Nidhogg
eventTypes	divine feasting	1	Ægir
eventTypes	sea-hospitality	1	Ægir
eventTypes	threshold-protection	1	Vörðr
eventTypes	long absence	1	Óðr
eventTypes	beloved-of-Freyja	1	Óðr
eventTypes	weapon-personification	1	Ayudhapurusha
eventTypes	divine-attendant	1	Ayudhapurusha
eventTypes	cosmic primal element	1	Ap
eventTypes	purification	1	Ap
eventTypes	mount-service	1	Vahana
eventTypes	divine carriage	1	Vahana
eventTypes	divine union	1	Radha Krishna
eventTypes	rāsa dance	1	Radha Krishna
eventTypes	viraha-milana	1	Radha Krishna
eventTypes	bhakti-archetype	1	Radha Krishna
eventTypes	cremation-ground asceticism	1	Shmashana Adhipati
eventTypes	death-meditation	1	Shmashana Adhipati
eventTypes	ancient-deva-collective	1	Sadhyas
eventTypes	tantric-Śākta worship	1	Vajreshwari (Vajreśvarī)
eventTypes	vajra-deity	1	Vajreshwari (Vajreśvarī)
eventTypes	tiger-deity worship	1	Waghoba
eventTypes	rural protection	1	Waghoba
eventTypes	idol-fall (biblical narrative)	1	Dagon
eventTypes	child-sacrifice cult (contested)	1	Moloch
eventTypes	cursing	1	Horon
eventTypes	healing-by-incantation	1	Horon
eventTypes	demonic ambush	1	Šulak
eventTypes	cultural founding	1	Apkallu
eventTypes	the-unknowable-transcendent-Godhead	1	The Monad
eventTypes	the-source-of-the-Pleroma	1	The Monad
eventTypes	the-forty-eight-vows-of-Dharmakara	1	Amitabha
eventTypes	the-establishment-of-the-Pure-Land	1	Amitabha
eventTypes	salvation-by-the-calling-of-the-name	1	Amitabha
eventTypes	the-Anatolian-moon-god	1	Men
eventTypes	governance-of-the-months	1	Men
eventTypes	healing-and-tomb-protection	1	Men
eventTypes	cosmic principle of mortality	1	Mrtyu
eventTypes	teacher of liberation	1	Mrtyu
eventTypes	Persephone-interpretatio	1	Proserpina
eventTypes	Sicilian-abduction	1	Proserpina
eventTypes	seasonal-cycle	1	Proserpina
eventTypes	Hestia-interpretatio	1	Vesta
eventTypes	Vestal-Virgin-institution	1	Vesta
eventTypes	eternal-flame-maintenance	1	Vesta
eventTypes	death by wasting	1	Narcissus
eventTypes	rejection	1	Narcissus
eventTypes	cosmic-beginnings-presidency	1	Janus
eventTypes	threshold-presidency	1	Janus
eventTypes	war-and-peace-gate-keeping	1	Janus
eventTypes	flood-decreeing	1	Enlil
eventTypes	scribal patronage	1	Nabu
eventTypes	heir to Marduk	1	Nabu
eventTypes	queenly consortship	1	Sarpanitu
eventTypes	mother of Nabu	1	Sarpanitu
eventTypes	descent to the eastern garden	1	Gilgamesh
eventTypes	failed immortality-quest	1	Gilgamesh
eventTypes	oath-enforcement	1	Gula
eventTypes	demonic attack	1	Lamashtu
eventTypes	apotropaic counter-demonic action	1	Pazuzu
eventTypes	rejected bride	1	Pidray
eventTypes	primordial monster	1	Lotan
eventTypes	feast	1	Yarikh
eventTypes	national-warrior patronage	1	Chemosh
eventTypes	battle-sanction	1	Chemosh
eventTypes	self-castration	1	Eshmun
eventTypes	colonial patronage	1	Melqart
eventTypes	sending of the Son	1	God-the-Father
eventTypes	outpouring of the Spirit	1	God-the-Father
eventTypes	final consummation	1	God-the-Father
eventTypes	rejected divine offer	1	Aqhat
eventTypes	death by divine vengeance	1	Aqhat
eventTypes	avenging quest	1	Pughat
eventTypes	disguise	1	Pughat
eventTypes	approach-and-kill (incomplete in extant text)	1	Pughat
eventTypes	oracle-consultation (2 Kings)	1	Beelzebub
eventTypes	controversy (NT)	1	Beelzebub
eventTypes	binding by Solomon	1	Beelzebub
eventTypes	refusal of obeisance	1	Iblis
eventTypes	expulsion	1	Iblis
eventTypes	request of respite	1	Iblis
eventTypes	temptation of humanity	1	Iblis
eventTypes	final disavowal	1	Iblis
eventTypes	breaking-free	1	Fenrir
eventTypes	devouring of Odin	1	Fenrir
eventTypes	being slain by Vídar	1	Fenrir
eventTypes	primordial creation	1	Behemoth
eventTypes	divine display	1	Behemoth
eventTypes	eschatological feast	1	Behemoth
eventTypes	prayer-weaving	1	Sandalphon
eventTypes	heavenly intercession	1	Sandalphon
eventTypes	identification with Elijah (in some traditions)	1	Sandalphon
eventTypes	god-youth-restoration	1	Idun
eventTypes	wifely service	1	Sigyn
eventTypes	suffering	1	Sigyn
eventTypes	cosmic-cause (earthquakes)	1	Sigyn
eventTypes	mismatched marriage	1	Skadi
eventTypes	binding-of-Loki	1	Skadi
eventTypes	grief-death	1	Nanna (Norse)
eventTypes	underworld-message	1	Nanna (Norse)
eventTypes	founding ancestor	1	Búri
eventTypes	pursuit	1	Sól
eventTypes	death at Ragnarök	1	Sól
eventTypes	daughter-as-successor	1	Sól
eventTypes	emergence from cosmic ocean	1	Lakshmi
eventTypes	choosing-of-husband	1	Lakshmi
eventTypes	consort-avataric descent	1	Lakshmi
eventTypes	cosmic preservation	1	Vishnu
eventTypes	avatar-descent	1	Vishnu
eventTypes	three-strides	1	Vishnu
eventTypes	dharma-restoration	1	Vishnu
eventTypes	treasure-loss	1	Andvari
eventTypes	cursing of gold	1	Andvari
eventTypes	origin of Volsung-Nibelung tragedy	1	Andvari
eventTypes	land-plowing	1	Gefjun
eventTypes	cosmic-shaping	1	Gefjun
eventTypes	virgin-patronage	1	Gefjun
eventTypes	divine generalship	1	Kartikeya
eventTypes	Tamil bridal narratives	1	Kartikeya
eventTypes	birth as mountain-king's daughter	1	Parvati
eventTypes	tapas-to-win-Śiva	1	Parvati
eventTypes	fierce manifestations	1	Parvati
eventTypes	river-goddess-to-wisdom-goddess transition	1	Saraswati
eventTypes	consort-status	1	Saraswati
eventTypes	student-blessing	1	Saraswati
eventTypes	devoted brotherhood	1	Lakshmana
eventTypes	Indrajit-slaying	1	Lakshmana
eventTypes	self-banishment	1	Lakshmana
eventTypes	avatar-incarnation	1	Rama
eventTypes	bow-stringing	1	Rama
eventTypes	Laṅkā-bridge	1	Rama
eventTypes	Rāvaṇa-slaying	1	Rama
eventTypes	Rāma-rājya	1	Rama
eventTypes	Sītā-banishment	1	Rama
eventTypes	dragon-slaying	1	Indra
eventTypes	soma-drinking	1	Indra
eventTypes	king-of-gods	1	Indra
eventTypes	periodic-disgrace-and-restoration	1	Indra
eventTypes	daily transit	1	Surya
eventTypes	radiance-grinding	1	Surya
eventTypes	father of Yama and Yamunā	1	Surya
eventTypes	father of Karṇa	1	Surya
eventTypes	akṣaya-pātra-gift	1	Surya
eventTypes	demotion-to-water-deity	1	Varuna
eventTypes	ocean-yielding	1	Varuna
eventTypes	wind-cosmic-presence	1	Vayu
eventTypes	prāṇa-essence	1	Vayu
eventTypes	flood-rescue	1	Matsya
eventTypes	Veda-preservation	1	Matsya
eventTypes	exponential-growth	1	Matsya
eventTypes	boon-circumvention	1	Narasimha
eventTypes	manifestation-from-pillar	1	Narasimha
eventTypes	wrath-pacification	1	Narasimha
eventTypes	ritual-offering	1	Soma
eventTypes	cosmic-luminary-transit	1	Soma
eventTypes	wasting-curse-and-recovery	1	Soma
eventTypes	Lunar-dynasty-founding	1	Soma
eventTypes	earth-rescue	1	Varaha
eventTypes	cosmic-restoration	1	Varaha
eventTypes	son-persecution	1	Hiranyakashipu
eventTypes	being slain by Narasiṃha	1	Hiranyakashipu
eventTypes	defeat of male gods	1	Mahishasura
eventTypes	shapeshifting-battle	1	Mahishasura
eventTypes	being slain by Durgā	1	Mahishasura
eventTypes	sister-abduction	1	Ravana
eventTypes	Puṣpaka-theft	1	Ravana
eventTypes	Śiva-devotion	1	Ravana
eventTypes	Mount-Kailāśa-pinning	1	Ravana
eventTypes	being slain by Rāma	1	Ravana
eventTypes	first-to-die	1	Yama (Hindu)
eventTypes	path-finding	1	Yama (Hindu)
eventTypes	death-teaching	1	Yama (Hindu)
eventTypes	Yakṣa-praśna	1	Yama (Hindu)
eventTypes	judgment-of-souls	1	Yama (Hindu)
eventTypes	nightly-attack-on-the-sun	1	Apep
eventTypes	eternal-defeat-and-reformation	1	Apep
eventTypes	embodiment-of-chaos	1	Apep
eventTypes	kuni-yuzuri-agreement	1	Kotoshironushi
eventTypes	self-concealment	1	Kotoshironushi
eventTypes	oracular kami	1	Kotoshironushi
eventTypes	longevity-patronage	1	Jurojin
eventTypes	Mahākāla-Daikoku-Ōkuninushi syncretism	1	Daikokuten
eventTypes	historical-monk-deification	1	Hotei
eventTypes	Maitreya-incarnation tradition	1	Hotei
eventTypes	Persephone-abduction	1	Hades
eventTypes	hosting of visiting heroes	1	Hades
eventTypes	first-swallowed-by-Cronus	1	Hestia
eventTypes	virginity-vow	1	Hestia
eventTypes	central-hearth-presidency	1	Hestia
eventTypes	contests-for-cities	1	Poseidon
eventTypes	persecution-of-Odysseus	1	Poseidon
eventTypes	monster-fathering	1	Poseidon
eventTypes	triple-fortune-patronage	1	Fukurokuju
eventTypes	generation-of-the-old-sea-gods	1	Pontus
eventTypes	Titanic-firstborn	1	Oceanus
eventTypes	massive-progeny-generation	1	Oceanus
eventTypes	aloof-from-Titanomachy	1	Oceanus
eventTypes	binding-by-Sisyphus	1	Thanatos
eventTypes	wrestled-by-Heracles	1	Thanatos
eventTypes	psychopomp-of-Sarpedon	1	Thanatos
eventTypes	primordial-cosmic-principle (in Hesiod)	1	Eros
eventTypes	love-arrow-archery	1	Eros
eventTypes	Titanic-generation	1	Tethys
eventTypes	massive-progeny	1	Tethys
eventTypes	foster-mother-of-Hera	1	Tethys
eventTypes	sea-herald	1	Triton
eventTypes	Argonauts-rescue	1	Triton
eventTypes	monster-mothering	1	Echidna
eventTypes	cave-dwelling-immortality	1	Echidna
eventTypes	head-regeneration	1	Hydra
eventTypes	being-slain-by-Heracles	1	Hydra
eventTypes	venomous-blood-supplying	1	Hydra
eventTypes	life-thread-spinning	1	Moirai
eventTypes	life-measuring	1	Moirai
eventTypes	life-cutting	1	Moirai
eventTypes	gods-bound-by-Moira	1	Moirai
eventTypes	cosmic-serpent-battle	1	Typhon
eventTypes	sinew-theft	1	Typhon
eventTypes	Zeus-near-defeat	1	Typhon
eventTypes	imprisonment-beneath-Etna	1	Typhon
eventTypes	Zeus-interpretatio	1	Jupiter
eventTypes	Capitoline-Triad-headship	1	Jupiter
eventTypes	spolia-opima-recipient	1	Jupiter
eventTypes	state-cult-presidency	1	Jupiter
eventTypes	Ares-interpretatio	1	Mars
eventTypes	indigenous-agricultural-origin	1	Mars
eventTypes	father-of-Romulus-and-Remus	1	Mars
eventTypes	Augustan-Mars-Ultor-cult	1	Mars
eventTypes	Hermes-interpretatio	1	Mercury
eventTypes	merchant-cult-foundation	1	Mercury
eventTypes	German-interpretatio-Romana	1	Mercury
eventTypes	Aventine-Triad-membership	1	Liber
eventTypes	Liberalia-festival	1	Liber
eventTypes	toga-virilis-assumption-day	1	Liber
eventTypes	Hades-interpretatio	1	Pluto
eventTypes	Plouton-aspect-emphasis	1	Pluto
eventTypes	Dis-Pater-syncretism	1	Pluto
eventTypes	Helios-interpretatio	1	Sol
eventTypes	Sol-Invictus-cult-establishment	1	Sol
eventTypes	imperial-solar-theology	1	Sol
eventTypes	Sabine-origin	1	Quirinus
eventTypes	Romulus-deification	1	Quirinus
eventTypes	Archaic-Triad-membership	1	Quirinus
eventTypes	Etruscan-Voltumna-importation	1	Vertumnus
eventTypes	Pomona-courtship	1	Vertumnus
eventTypes	Heracles-interpretatio	1	Hercules
eventTypes	Hercules-and-Cacus-on-Aventine	1	Hercules
eventTypes	Ara-Maxima-cult-foundation	1	Hercules
eventTypes	victory-tithe-recipient	1	Hercules
eventTypes	household-protection	1	Lares
eventTypes	crossroads-worship	1	Lares
eventTypes	Augustan-cult-integration	1	Lares
eventTypes	auspice-contest	1	Remus
eventTypes	wall-leaping	1	Remus
eventTypes	fratricide-victim	1	Remus
eventTypes	feminine-creator-aspect	1	Omecihuatl
eventTypes	masculine-creator-aspect	1	Ometecuhtli
eventTypes	abstract-cosmic-principle (in Nezahualcoyotl)	1	Ometeotl
eventTypes	Templo-Mayor-co-equality	1	Tlaloc
eventTypes	Tlalocan-paradise-rule	1	Tlaloc
eventTypes	third-sun-fire-rain	1	Tlaloc
eventTypes	child-sacrifice-recipient	1	Tlaloc
eventTypes	moon-creation-at-Teotihuacan	1	Metztli
eventTypes	rabbit-thrown-to-dim-him	1	Metztli
eventTypes	soul-annihilation	1	Mictlantecuhtli
eventTypes	Quetzalcoatl-bone-recovery-host	1	Mictlantecuhtli
eventTypes	fifth-sun-emergence-at-Teotihuacan	1	Tonatiuh
eventTypes	Nanahuatzin-transformation	1	Tonatiuh
eventTypes	warrior-paradise-presidency	1	Tonatiuh
eventTypes	daily-blood-demand	1	Tonatiuh
eventTypes	Quetzalcoatl-rescue-from-heaven	1	Mayahuel
eventTypes	dismemberment-by-Tzitzimitl	1	Mayahuel
eventTypes	transformation-into-maguey	1	Mayahuel
eventTypes	mother-goddess-complex-aspect	1	Tonantzin
eventTypes	Tepeyac-shrine-presidency	1	Tonantzin
eventTypes	Guadalupe-syncretic-continuity	1	Tonantzin
eventTypes	merger-with-the-Yellow-Emperor's-people	1	Yandi
eventTypes	identification-with-Shennong	1	Yandi
eventTypes	authorship-of-the-Daodejing	1	Laozi
eventTypes	departure-west-on-the-ox	1	Laozi
eventTypes	progressive-deification	1	Laozi
eventTypes	creation-of-humanity-from-clay	1	Nuwa
eventTypes	repair-of-the-broken-sky	1	Nuwa
eventTypes	sibling-flood-survival	1	Nuwa
eventTypes	cosmos-restoration	1	Nuwa
eventTypes	deification-of-Lin-Moniang	1	Mazu
eventTypes	trance-rescue-of-her-family	1	Mazu
eventTypes	post-mortem-ship-rescues	1	Mazu
eventTypes	imperial-canonization-to-Tianhou	1	Mazu
eventTypes	supreme-filial-piety-despite-abuse	1	Shun
eventTypes	elevation-from-commoner-to-emperor	1	Shun
eventTypes	abdication-to-Yu	1	Shun
eventTypes	control-of-the-Great-Flood	1	Yu the Great
eventTypes	dredging-rather-than-damming	1	Yu the Great
eventTypes	division-of-the-Nine-Provinces	1	Yu the Great
eventTypes	founding-of-the-Xia-dynasty	1	Yu the Great
eventTypes	dietary-cultivation-immortality	1	He Xiangu
eventTypes	vow-of-celibacy	1	He Xiangu
eventTypes	daylight-ascension	1	He Xiangu
eventTypes	household-conduct-observation	1	Zao Jun
eventTypes	annual-report-to-the-Jade-Emperor	1	Zao Jun
eventTypes	the-sweetening-of-his-lips	1	Zao Jun
eventTypes	military-defeat-and-mountain-withdrawal	1	Zhongli Quan
eventTypes	attainment-of-alchemical-immortality	1	Zhongli Quan
eventTypes	initiation-of-Lu-Dongbin	1	Zhongli Quan
eventTypes	the-great-vow-to-empty-the-hells	1	Dizang
eventTypes	harrowing-of-the-underworld	1	Dizang
eventTypes	funerary-salvation	1	Dizang
eventTypes	rejection-of-the-Confucian-career	1	Han Xiangzi
eventTypes	fall-from-the-peach-tree-into-immortality	1	Han Xiangzi
eventTypes	the-instant-flowers-prophecy	1	Han Xiangzi
eventTypes	administering-the-broth-of-oblivion	1	Meng Po
eventTypes	presiding-at-the-threshold-of-reincarnation	1	Meng Po
eventTypes	mothering-the-Dipper-star-gods	1	Doumu
eventTypes	cosmic-fate-regulation	1	Doumu
eventTypes	Marici-syncretic-development	1	Doumu